benchmark_commit,mode,operation,workload_id,corpus_kind,collection_size,sample_count,independent_process_count,minimum_batches_per_process,maximum_batches_per_process,median_nanoseconds,median_ci95_lower_nanoseconds,median_ci95_upper_nanoseconds,p95_nanoseconds,minimum_nanoseconds,maximum_nanoseconds,interquartile_range_nanoseconds,median_absolute_deviation_nanoseconds,relative_mad,launch_sample_count,median_launch_to_exit_nanoseconds,p95_launch_to_exit_nanoseconds,templates_per_second,nanoseconds_per_template,direct_parse_speedup,direct_parse_speedup_ci95_lower,direct_parse_speedup_ci95_upper,direct_parse_launch_speedup,direct_parse_launch_speedup_ci95_lower,direct_parse_launch_speedup_ci95_upper,bootstrap_resamples,encoded_bytes,bytes_per_template,corpus_digest,result_digest,outcome
d4434e2ab7114168e0508f8d9ee2a9a9c2611ef9,fresh-process,direct-parse,all-repeated-1000,all-repeated,1000,30,30,1,1,6568646.000,6526042.000,6637000.500,6795583.000,6330208.000,6802041.000,154958.000,86646.000,0.013191,30,15868500.000,16620000.000,152238.376,6568.646,1.000,1.000,1.000,1.000,1.000,1.000,10000,75701,75.701,12504c0f2f3fbecb5ff7cc9cba8ed1fe490f4710b5033c5c781dd3c29093c25b,e173ee09e13669949bc657762ae97c5fa19f7174560e938804255035b40d8f2e,not-applicable
d4434e2ab7114168e0508f8d9ee2a9a9c2611ef9,fresh-process,direct-parse,all-repeated-10000,all-repeated,10000,30,30,1,1,55065270.500,54757333.500,55227896.500,60421208.000,53959667.000,66099458.000,584001.000,315395.500,0.005728,30,64647500.000,83447000.000,181602.667,5506.527,1.000,1.000,1.000,1.000,1.000,1.000,10000,757001,75.700,f147a41fe97de58a94cea283fd55d9f28dbfb3598c1929c137894ecb879bdb1f,145429bc332e3b3e8283bd1eac5feb620ae005ffb23357f7445cec9500266cdb,not-applicable
d4434e2ab7114168e0508f8d9ee2a9a9c2611ef9,fresh-process,direct-parse,all-unique-1000,all-unique,1000,30,30,1,1,6555167.000,6518041.500,6589187.500,7098708.000,6305083.000,7192875.000,144792.000,62167.000,0.009484,30,15810500.000,18250000.000,152551.415,6555.167,1.000,1.000,1.000,1.000,1.000,1.000,10000,75701,75.701,94373c6840e46676a35621cc8fe0a9baca8a5ecb3df989137298f14f2a59cfeb,e4360ebc522669f2365c9c7642822107ac49e73240dc3ef58309c8c67fa19ed0,not-applicable
d4434e2ab7114168e0508f8d9ee2a9a9c2611ef9,fresh-process,direct-parse,all-unique-10000,all-unique,10000,30,30,1,1,54865020.500,54687145.500,55234459.000,56104625.000,54250416.000,71222875.000,735209.000,350521.500,0.006389,30,64742500.000,66991000.000,182265.493,5486.502,1.000,1.000,1.000,1.000,1.000,1.000,10000,757001,75.700,d51ea8b412e54de834c1dafc592c41172600b919556a96707f4b57750475667a,afc27e62305fcd779dbeddbc916543b747caf4b65f4f932a7ba76e2a2d738b4e,not-applicable
d4434e2ab7114168e0508f8d9ee2a9a9c2611ef9,fresh-process,direct-parse,balanced-1,balanced,1,30,30,1,1,987833.000,980979.000,997375.000,1092417.000,956625.000,1134292.000,37083.000,12854.000,0.013012,30,10262500.000,12014000.000,1012.317,987833.000,1.000,1.000,1.000,1.000,1.000,1.000,10000,59,59.000,2f37db2ec67d4d0681905cfd419231f9265c81c70dc63a07d19f9905858c2799,21312ed955d1eaac2baad1ed67336605406d47f30f036ee4e5450da3d8fb773c,not-applicable
d4434e2ab7114168e0508f8d9ee2a9a9c2611ef9,fresh-process,direct-parse,balanced-10,balanced,10,30,30,1,1,1128354.000,1108833.500,1142708.000,1204792.000,1067625.000,2169583.000,48834.000,24500.500,0.021713,30,10315500.000,11421000.000,8862.467,112835.400,1.000,1.000,1.000,1.000,1.000,1.000,10000,758,75.800,53d0f546f4d8dcc3747e0f9864b55fdc24b0ad29b250a2ec0e34e8ee6f359c5a,ccb581b6e0a6dd6bd85cce64958a64db51ca080bc547b9deece37c7d4dbad77c,not-applicable
d4434e2ab7114168e0508f8d9ee2a9a9c2611ef9,fresh-process,direct-parse,balanced-100,balanced,100,30,30,1,1,1656854.000,1634104.000,1671771.000,1787167.000,1597250.000,2703125.000,49917.000,26833.000,0.016195,30,10931000.000,15997000.000,60355.348,16568.540,1.000,1.000,1.000,1.000,1.000,1.000,10000,7571,75.710,230d0f04ce6634c515917cb593e418dd534e29f63350fba64cf24bc4071af10b,141e2cd515858fa8a38c5dbd0150c1d8540c32adc8dbe4115446046195008994,not-applicable
d4434e2ab7114168e0508f8d9ee2a9a9c2611ef9,fresh-process,direct-parse,balanced-1000,balanced,1000,30,30,1,1,6545750.000,6485188.000,6587521.000,6739292.000,6399750.000,7250333.000,143918.000,73750.500,0.011267,30,15887500.000,16740000.000,152770.882,6545.750,1.000,1.000,1.000,1.000,1.000,1.000,10000,75701,75.701,8892a5bed2e0c2db945364e319be9d55a367cac34ef2ffaa8faf65cd68c2723b,5ec7597b9322d791aaac2dc75afe705af3c7d3f29319a084a1ce36054e358d54,not-applicable
d4434e2ab7114168e0508f8d9ee2a9a9c2611ef9,fresh-process,direct-parse,balanced-10000,balanced,10000,30,30,1,1,54899875.000,54757250.000,55152209.000,55886708.000,54018833.000,55961041.000,619125.000,309562.500,0.005639,30,64651000.000,65631000.000,182149.777,5489.988,1.000,1.000,1.000,1.000,1.000,1.000,10000,757001,75.700,78b035cc47584ca769643cecbbbdc19057568f4d84b3d9275f2f9e1ad459e704,2207d65b2a74c8f727132bc7b94afcef1f9287338f82f5b8f249de1d99c56d96,not-applicable
d4434e2ab7114168e0508f8d9ee2a9a9c2611ef9,fresh-process,prototype-cache,all-repeated-1000,all-repeated,1000,30,30,1,1,21138625.500,21017062.500,21311958.000,22878834.000,20797084.000,42497292.000,346958.000,184854.000,0.008745,30,30539500.000,65718000.000,47306.766,21138.626,0.311,0.308,0.314,0.520,0.513,0.525,10000,197894,197.894,12504c0f2f3fbecb5ff7cc9cba8ed1fe490f4710b5033c5c781dd3c29093c25b,e173ee09e13669949bc657762ae97c5fa19f7174560e938804255035b40d8f2e,hit
d4434e2ab7114168e0508f8d9ee2a9a9c2611ef9,fresh-process,prototype-cache,all-repeated-10000,all-repeated,10000,30,30,1,1,193738291.500,193028500.500,194480833.500,241854542.000,190756833.000,624689750.000,1999083.000,981916.500,0.005068,30,203820500.000,293946000.000,51616.022,19373.829,0.284,0.282,0.286,0.317,0.315,0.319,10000,2310004,231.000,f147a41fe97de58a94cea283fd55d9f28dbfb3598c1929c137894ecb879bdb1f,145429bc332e3b3e8283bd1eac5feb620ae005ffb23357f7445cec9500266cdb,hit
d4434e2ab7114168e0508f8d9ee2a9a9c2611ef9,fresh-process,prototype-cache,all-unique-1000,all-unique,1000,30,30,1,1,21115896.000,21050208.000,21231562.000,21723875.000,20599042.000,24212458.000,271125.000,101187.500,0.004792,30,30681500.000,31628000.000,47357.687,21115.896,0.310,0.308,0.312,0.515,0.510,0.522,10000,311051,311.051,94373c6840e46676a35621cc8fe0a9baca8a5ecb3df989137298f14f2a59cfeb,e4360ebc522669f2365c9c7642822107ac49e73240dc3ef58309c8c67fa19ed0,hit
d4434e2ab7114168e0508f8d9ee2a9a9c2611ef9,fresh-process,prototype-cache,all-unique-10000,all-unique,10000,30,30,1,1,194189666.500,193774354.000,194656000.000,204055375.000,192124042.000,497461917.000,1406584.000,490917.000,0.002528,30,204026000.000,213857000.000,51496.046,19418.967,0.283,0.281,0.285,0.317,0.316,0.319,10000,3451861,345.186,d51ea8b412e54de834c1dafc592c41172600b919556a96707f4b57750475667a,afc27e62305fcd779dbeddbc916543b747caf4b65f4f932a7ba76e2a2d738b4e,hit
d4434e2ab7114168e0508f8d9ee2a9a9c2611ef9,fresh-process,prototype-cache,balanced-1,balanced,1,30,30,1,1,289750.500,284083.000,298479.000,372417.000,267666.000,386250.000,24625.000,12625.000,0.043572,30,9511000.000,11262000.000,3451.245,289750.500,3.409,3.300,3.488,1.079,1.052,1.102,10000,410,410.000,2f37db2ec67d4d0681905cfd419231f9265c81c70dc63a07d19f9905858c2799,21312ed955d1eaac2baad1ed67336605406d47f30f036ee4e5450da3d8fb773c,hit
d4434e2ab7114168e0508f8d9ee2a9a9c2611ef9,fresh-process,prototype-cache,balanced-10,balanced,10,30,30,1,1,582479.000,575041.500,591687.000,639792.000,554167.000,658291.000,31083.000,10583.000,0.018169,30,9733500.000,10847000.000,17168.001,58247.900,1.937,1.887,1.974,1.060,1.040,1.091,10000,3386,338.600,53d0f546f4d8dcc3747e0f9864b55fdc24b0ad29b250a2ec0e34e8ee6f359c5a,ccb581b6e0a6dd6bd85cce64958a64db51ca080bc547b9deece37c7d4dbad77c,hit
d4434e2ab7114168e0508f8d9ee2a9a9c2611ef9,fresh-process,prototype-cache,balanced-100,balanced,100,30,30,1,1,2500937.500,2466541.500,2537041.500,2697833.000,2411167.000,5243209.000,106500.000,50604.500,0.020234,30,11709000.000,13089000.000,39985.006,25009.375,0.662,0.649,0.675,0.934,0.902,0.947,10000,27628,276.280,230d0f04ce6634c515917cb593e418dd534e29f63350fba64cf24bc4071af10b,141e2cd515858fa8a38c5dbd0150c1d8540c32adc8dbe4115446046195008994,hit
d4434e2ab7114168e0508f8d9ee2a9a9c2611ef9,fresh-process,prototype-cache,balanced-1000,balanced,1000,30,30,1,1,21142646.000,21000416.500,21241437.500,21550833.000,20661083.000,22471959.000,321750.000,156687.500,0.007411,30,30584500.000,31439000.000,47297.770,21142.646,0.310,0.306,0.312,0.519,0.513,0.524,10000,282484,282.484,8892a5bed2e0c2db945364e319be9d55a367cac34ef2ffaa8faf65cd68c2723b,5ec7597b9322d791aaac2dc75afe705af3c7d3f29319a084a1ce36054e358d54,hit
d4434e2ab7114168e0508f8d9ee2a9a9c2611ef9,fresh-process,prototype-cache,balanced-10000,balanced,10000,30,30,1,1,195255354.000,194440896.000,195856250.500,273151208.000,191991917.000,517971500.000,3202959.000,1574041.500,0.008061,30,205062500.000,293189000.000,51214.985,19525.535,0.281,0.280,0.283,0.315,0.314,0.317,10000,3166503,316.650,78b035cc47584ca769643cecbbbdc19057568f4d84b3d9275f2f9e1ad459e704,2207d65b2a74c8f727132bc7b94afcef1f9287338f82f5b8f249de1d99c56d96,hit
d4434e2ab7114168e0508f8d9ee2a9a9c2611ef9,fresh-process,prototype-cache-corrupt-fallback,balanced-1000,balanced,1000,30,30,1,1,24659646.500,24599479.000,24835937.000,25109625.000,24292833.000,25141750.000,301792.000,158604.000,0.006432,30,34266000.000,35772000.000,40552.082,24659.646,0.265,0.262,0.267,0.464,0.460,0.467,10000,282484,282.484,8892a5bed2e0c2db945364e319be9d55a367cac34ef2ffaa8faf65cd68c2723b,5ec7597b9322d791aaac2dc75afe705af3c7d3f29319a084a1ce36054e358d54,fallback-integrity-mismatch
d4434e2ab7114168e0508f8d9ee2a9a9c2611ef9,fresh-process,prototype-cache-corrupt-fallback,balanced-10000,balanced,10000,30,30,1,1,220305291.500,219821104.000,221875583.500,227203583.000,217369084.000,246992792.000,3189417.000,1621854.500,0.007362,30,230410500.000,238566000.000,45391.556,22030.529,0.249,0.247,0.250,0.281,0.279,0.282,10000,3166503,316.650,78b035cc47584ca769643cecbbbdc19057568f4d84b3d9275f2f9e1ad459e704,2207d65b2a74c8f727132bc7b94afcef1f9287338f82f5b8f249de1d99c56d96,fallback-integrity-mismatch
d4434e2ab7114168e0508f8d9ee2a9a9c2611ef9,fresh-process,prototype-cache-empty-expression-fallback,balanced-1000,balanced,1000,30,30,1,1,25430375.500,25320542.000,25542625.000,27158292.000,24853958.000,27673750.000,382084.000,213750.000,0.008405,30,34881000.000,39264000.000,39323.053,25430.376,0.257,0.255,0.260,0.455,0.451,0.459,10000,282462,282.462,8892a5bed2e0c2db945364e319be9d55a367cac34ef2ffaa8faf65cd68c2723b,5ec7597b9322d791aaac2dc75afe705af3c7d3f29319a084a1ce36054e358d54,fallback-structural-validation
d4434e2ab7114168e0508f8d9ee2a9a9c2611ef9,fresh-process,prototype-cache-empty-expression-fallback,balanced-10000,balanced,10000,30,30,1,1,227512437.500,227163021.000,228276354.500,231299292.000,225047833.000,231600791.000,1985001.000,861625.000,0.003787,30,237488000.000,260361000.000,43953.641,22751.244,0.241,0.240,0.242,0.272,0.271,0.273,10000,3166474,316.647,78b035cc47584ca769643cecbbbdc19057568f4d84b3d9275f2f9e1ad459e704,2207d65b2a74c8f727132bc7b94afcef1f9287338f82f5b8f249de1d99c56d96,fallback-structural-validation
d4434e2ab7114168e0508f8d9ee2a9a9c2611ef9,fresh-process,prototype-cache-invalid-prefix-fallback,balanced-1000,balanced,1000,30,30,1,1,25426271.000,25252459.000,25487104.500,26704917.000,24863500.000,28031792.000,378708.000,190124.500,0.007477,30,34953500.000,37074000.000,39329.401,25426.271,0.257,0.255,0.260,0.455,0.451,0.458,10000,282493,282.493,8892a5bed2e0c2db945364e319be9d55a367cac34ef2ffaa8faf65cd68c2723b,5ec7597b9322d791aaac2dc75afe705af3c7d3f29319a084a1ce36054e358d54,fallback-structural-validation
d4434e2ab7114168e0508f8d9ee2a9a9c2611ef9,fresh-process,prototype-cache-invalid-prefix-fallback,balanced-10000,balanced,10000,30,30,1,1,227782250.000,227212916.500,228454146.000,231681709.000,224386833.000,239729292.000,1708250.000,800333.000,0.003514,30,237640000.000,242222000.000,43901.577,22778.225,0.241,0.240,0.242,0.272,0.271,0.273,10000,3166514,316.651,78b035cc47584ca769643cecbbbdc19057568f4d84b3d9275f2f9e1ad459e704,2207d65b2a74c8f727132bc7b94afcef1f9287338f82f5b8f249de1d99c56d96,fallback-structural-validation
d4434e2ab7114168e0508f8d9ee2a9a9c2611ef9,fresh-process,prototype-cache-source-mismatch-fallback,balanced-1000,balanced,1000,30,30,1,1,26348438.000,26251229.500,26452104.000,27275792.000,25585667.000,27707708.000,419417.000,208229.500,0.007903,30,35729500.000,37235000.000,37952.914,26348.438,0.248,0.246,0.250,0.445,0.439,0.449,10000,282546,282.546,8892a5bed2e0c2db945364e319be9d55a367cac34ef2ffaa8faf65cd68c2723b,5ec7597b9322d791aaac2dc75afe705af3c7d3f29319a084a1ce36054e358d54,fallback-payload-source-mismatch
d4434e2ab7114168e0508f8d9ee2a9a9c2611ef9,fresh-process,prototype-cache-source-mismatch-fallback,balanced-10000,balanced,10000,30,30,1,1,237187770.500,236662124.500,237783749.500,245174375.000,234832750.000,252000209.000,1912167.000,902979.500,0.003807,30,247139000.000,254617000.000,42160.690,23718.777,0.231,0.231,0.233,0.262,0.261,0.263,10000,3166565,316.656,78b035cc47584ca769643cecbbbdc19057568f4d84b3d9275f2f9e1ad459e704,2207d65b2a74c8f727132bc7b94afcef1f9287338f82f5b8f249de1d99c56d96,fallback-payload-source-mismatch
d4434e2ab7114168e0508f8d9ee2a9a9c2611ef9,fresh-process,prototype-cache-stale-fallback,balanced-1000,balanced,1000,30,30,1,1,25174166.500,25006104.000,25291146.000,25845750.000,24518459.000,27170625.000,418875.000,226708.000,0.009006,30,34590000.000,35557000.000,39723.262,25174.166,0.260,0.257,0.262,0.459,0.455,0.463,10000,282546,282.546,8892a5bed2e0c2db945364e319be9d55a367cac34ef2ffaa8faf65cd68c2723b,5ec7597b9322d791aaac2dc75afe705af3c7d3f29319a084a1ce36054e358d54,fallback-authoritative-source-mismatch
d4434e2ab7114168e0508f8d9ee2a9a9c2611ef9,fresh-process,prototype-cache-stale-fallback,balanced-10000,balanced,10000,30,30,1,1,225936666.500,225121604.500,226968938.000,259446166.000,223084625.000,277271167.000,2326583.000,1184917.000,0.005244,30,235789000.000,280565000.000,44260.191,22593.667,0.243,0.242,0.244,0.274,0.273,0.276,10000,3166565,316.656,78b035cc47584ca769643cecbbbdc19057568f4d84b3d9275f2f9e1ad459e704,2207d65b2a74c8f727132bc7b94afcef1f9287338f82f5b8f249de1d99c56d96,fallback-authoritative-source-mismatch
d4434e2ab7114168e0508f8d9ee2a9a9c2611ef9,fresh-process,prototype-cache-truncated-fallback,balanced-1000,balanced,1000,30,30,1,1,6777229.500,6737729.000,6824771.000,7456166.000,6551292.000,8184708.000,159750.000,79750.500,0.011767,30,16067000.000,16759000.000,147552.920,6777.230,0.966,0.953,0.974,0.989,0.979,1.007,10000,179092,179.092,8892a5bed2e0c2db945364e319be9d55a367cac34ef2ffaa8faf65cd68c2723b,5ec7597b9322d791aaac2dc75afe705af3c7d3f29319a084a1ce36054e358d54,fallback-decode-or-truncated
d4434e2ab7114168e0508f8d9ee2a9a9c2611ef9,fresh-process,prototype-cache-truncated-fallback,balanced-10000,balanced,10000,30,30,1,1,56595229.500,56440333.000,56768999.500,61404875.000,55424917.000,61881542.000,509791.000,238458.000,0.004213,30,66430500.000,76609000.000,176693.338,5659.523,0.970,0.966,0.976,0.973,0.969,0.979,10000,1961752,196.175,78b035cc47584ca769643cecbbbdc19057568f4d84b3d9275f2f9e1ad459e704,2207d65b2a74c8f727132bc7b94afcef1f9287338f82f5b8f249de1d99c56d96,fallback-decode-or-truncated
d4434e2ab7114168e0508f8d9ee2a9a9c2611ef9,fresh-process,prototype-cache-unknown-modifier-fallback,balanced-1000,balanced,1000,30,30,1,1,25422854.000,25341062.500,25500666.500,26499583.000,24879333.000,27529583.000,257875.000,116333.000,0.004576,30,34965000.000,35584000.000,39334.687,25422.854,0.257,0.255,0.259,0.454,0.451,0.459,10000,282495,282.495,8892a5bed2e0c2db945364e319be9d55a367cac34ef2ffaa8faf65cd68c2723b,5ec7597b9322d791aaac2dc75afe705af3c7d3f29319a084a1ce36054e358d54,fallback-structural-validation
d4434e2ab7114168e0508f8d9ee2a9a9c2611ef9,fresh-process,prototype-cache-unknown-modifier-fallback,balanced-10000,balanced,10000,30,30,1,1,228098292.000,227584417.000,228572979.000,232335333.000,225010708.000,262868333.000,2236750.000,1099833.000,0.004822,30,238048500.000,242761000.000,43840.749,22809.829,0.241,0.240,0.242,0.272,0.271,0.273,10000,3166514,316.651,78b035cc47584ca769643cecbbbdc19057568f4d84b3d9275f2f9e1ad459e704,2207d65b2a74c8f727132bc7b94afcef1f9287338f82f5b8f249de1d99c56d96,fallback-structural-validation
d4434e2ab7114168e0508f8d9ee2a9a9c2611ef9,fresh-process,prototype-cache-unknown-operator-fallback,balanced-1000,balanced,1000,30,30,1,1,25400687.500,25295604.000,25518042.000,25955084.000,24957209.000,27674416.000,317958.000,158979.000,0.006259,30,34967000.000,35780000.000,39369.013,25400.688,0.258,0.255,0.260,0.454,0.450,0.458,10000,282495,282.495,8892a5bed2e0c2db945364e319be9d55a367cac34ef2ffaa8faf65cd68c2723b,5ec7597b9322d791aaac2dc75afe705af3c7d3f29319a084a1ce36054e358d54,fallback-structural-validation
d4434e2ab7114168e0508f8d9ee2a9a9c2611ef9,fresh-process,prototype-cache-unknown-operator-fallback,balanced-10000,balanced,10000,30,30,1,1,228079479.500,227317874.500,228880020.500,231329834.000,226097500.000,327185250.000,2356126.000,1045604.500,0.004584,30,238194000.000,241303000.000,43844.365,22807.948,0.241,0.240,0.242,0.271,0.270,0.273,10000,3166514,316.651,78b035cc47584ca769643cecbbbdc19057568f4d84b3d9275f2f9e1ad459e704,2207d65b2a74c8f727132bc7b94afcef1f9287338f82f5b8f249de1d99c56d96,fallback-structural-validation
d4434e2ab7114168e0508f8d9ee2a9a9c2611ef9,fresh-process,prototype-cache-wrong-version-fallback,balanced-1000,balanced,1000,30,30,1,1,21984729.000,21912937.500,22113416.000,22422208.000,21546584.000,22440875.000,419000.000,209500.000,0.009529,30,31594500.000,32481000.000,45486.119,21984.729,0.298,0.294,0.300,0.503,0.498,0.509,10000,282484,282.484,8892a5bed2e0c2db945364e319be9d55a367cac34ef2ffaa8faf65cd68c2723b,5ec7597b9322d791aaac2dc75afe705af3c7d3f29319a084a1ce36054e358d54,fallback-unsupported-version
d4434e2ab7114168e0508f8d9ee2a9a9c2611ef9,fresh-process,prototype-cache-wrong-version-fallback,balanced-10000,balanced,10000,30,30,1,1,195231166.500,194429812.500,195718187.000,221576709.000,192727375.000,247889208.000,1857833.000,950229.500,0.004867,30,205014500.000,264283000.000,51221.330,19523.117,0.281,0.280,0.283,0.315,0.314,0.317,10000,3166503,316.650,78b035cc47584ca769643cecbbbdc19057568f4d84b3d9275f2f9e1ad459e704,2207d65b2a74c8f727132bc7b94afcef1f9287338f82f5b8f249de1d99c56d96,fallback-unsupported-version
d4434e2ab7114168e0508f8d9ee2a9a9c2611ef9,fresh-process,semantic-binary-property-list,all-repeated-1000,all-repeated,1000,30,30,1,1,7160916.500,7124270.500,7239395.500,7687708.000,7002125.000,9797625.000,153917.000,78479.000,0.010959,30,16518000.000,18938000.000,139646.929,7160.916,0.917,0.907,0.928,0.961,0.946,0.972,10000,1856,1.856,12504c0f2f3fbecb5ff7cc9cba8ed1fe490f4710b5033c5c781dd3c29093c25b,e173ee09e13669949bc657762ae97c5fa19f7174560e938804255035b40d8f2e,not-applicable
d4434e2ab7114168e0508f8d9ee2a9a9c2611ef9,fresh-process,semantic-binary-property-list,all-repeated-10000,all-repeated,10000,30,30,1,1,60729167.000,60624312.500,61005645.500,61637375.000,59941959.000,61841458.000,790499.000,257874.500,0.004246,30,70593000.000,71412000.000,164665.522,6072.917,0.907,0.900,0.910,0.916,0.910,0.923,10000,10856,1.086,f147a41fe97de58a94cea283fd55d9f28dbfb3598c1929c137894ecb879bdb1f,145429bc332e3b3e8283bd1eac5feb620ae005ffb23357f7445cec9500266cdb,not-applicable
d4434e2ab7114168e0508f8d9ee2a9a9c2611ef9,fresh-process,semantic-binary-property-list,all-unique-1000,all-unique,1000,30,30,1,1,7206625.000,7170437.500,7292354.000,7435875.000,6945166.000,7727542.000,165667.000,92041.500,0.012772,30,16503000.000,21182000.000,138761.209,7206.625,0.910,0.897,0.917,0.958,0.941,0.973,10000,84047,84.047,94373c6840e46676a35621cc8fe0a9baca8a5ecb3df989137298f14f2a59cfeb,e4360ebc522669f2365c9c7642822107ac49e73240dc3ef58309c8c67fa19ed0,not-applicable
d4434e2ab7114168e0508f8d9ee2a9a9c2611ef9,fresh-process,semantic-binary-property-list,all-unique-10000,all-unique,10000,30,30,1,1,60930146.000,60747896.000,61131812.000,62050125.000,59858375.000,65802459.000,711666.000,342499.500,0.005621,30,70698500.000,71991000.000,164122.371,6093.015,0.900,0.896,0.907,0.916,0.911,0.923,10000,840047,84.005,d51ea8b412e54de834c1dafc592c41172600b919556a96707f4b57750475667a,afc27e62305fcd779dbeddbc916543b747caf4b65f4f932a7ba76e2a2d738b4e,not-applicable
d4434e2ab7114168e0508f8d9ee2a9a9c2611ef9,fresh-process,semantic-binary-property-list,balanced-1,balanced,1,30,30,1,1,1027458.500,1018250.000,1035874.500,1116667.000,985625.000,1345125.000,29209.000,14604.500,0.014214,30,10352500.000,11122000.000,973.275,1027458.500,0.961,0.951,0.977,0.991,0.969,1.012,10000,102,102.000,2f37db2ec67d4d0681905cfd419231f9265c81c70dc63a07d19f9905858c2799,21312ed955d1eaac2baad1ed67336605406d47f30f036ee4e5450da3d8fb773c,not-applicable
d4434e2ab7114168e0508f8d9ee2a9a9c2611ef9,fresh-process,semantic-binary-property-list,balanced-10,balanced,10,30,30,1,1,1158500.000,1147187.500,1186646.000,1325416.000,1122292.000,1465125.000,63042.000,25291.000,0.021831,30,10494500.000,18174000.000,8631.852,115850.000,0.974,0.943,0.991,0.983,0.957,1.012,10000,863,86.300,53d0f546f4d8dcc3747e0f9864b55fdc24b0ad29b250a2ec0e34e8ee6f359c5a,ccb581b6e0a6dd6bd85cce64958a64db51ca080bc547b9deece37c7d4dbad77c,not-applicable
d4434e2ab7114168e0508f8d9ee2a9a9c2611ef9,fresh-process,semantic-binary-property-list,balanced-100,balanced,100,30,30,1,1,1747124.500,1731167.000,1775895.500,1853625.000,1667125.000,1872791.000,53501.000,33500.500,0.019175,30,11028500.000,12755000.000,57236.906,17471.245,0.948,0.926,0.961,0.991,0.971,1.008,10000,6199,61.990,230d0f04ce6634c515917cb593e418dd534e29f63350fba64cf24bc4071af10b,141e2cd515858fa8a38c5dbd0150c1d8540c32adc8dbe4115446046195008994,not-applicable
d4434e2ab7114168e0508f8d9ee2a9a9c2611ef9,fresh-process,semantic-binary-property-list,balanced-1000,balanced,1000,30,30,1,1,7189229.000,7143708.500,7264646.000,7992084.000,6956333.000,8271500.000,162166.000,82250.000,0.011441,30,16606000.000,19123000.000,139096.974,7189.229,0.910,0.898,0.920,0.957,0.946,0.968,10000,62552,62.552,8892a5bed2e0c2db945364e319be9d55a367cac34ef2ffaa8faf65cd68c2723b,5ec7597b9322d791aaac2dc75afe705af3c7d3f29319a084a1ce36054e358d54,not-applicable
d4434e2ab7114168e0508f8d9ee2a9a9c2611ef9,fresh-process,semantic-binary-property-list,balanced-10000,balanced,10000,30,30,1,1,60947979.000,60783666.000,61446916.000,71495834.000,59959958.000,78994667.000,814668.000,417625.000,0.006852,30,70761500.000,100061000.000,164074.349,6094.798,0.901,0.893,0.906,0.914,0.909,0.919,10000,635243,63.524,78b035cc47584ca769643cecbbbdc19057568f4d84b3d9275f2f9e1ad459e704,2207d65b2a74c8f727132bc7b94afcef1f9287338f82f5b8f249de1d99c56d96,not-applicable
d4434e2ab7114168e0508f8d9ee2a9a9c2611ef9,fresh-process,semantic-json,all-repeated-1000,all-repeated,1000,30,30,1,1,6670166.500,6611208.000,6723583.000,6869125.000,6424375.000,6895625.000,151124.000,76583.500,0.011481,30,15933000.000,16529000.000,149921.295,6670.166,0.985,0.975,0.998,0.996,0.982,1.006,10000,75701,75.701,12504c0f2f3fbecb5ff7cc9cba8ed1fe490f4710b5033c5c781dd3c29093c25b,e173ee09e13669949bc657762ae97c5fa19f7174560e938804255035b40d8f2e,not-applicable
d4434e2ab7114168e0508f8d9ee2a9a9c2611ef9,fresh-process,semantic-json,all-repeated-10000,all-repeated,10000,30,30,1,1,55833750.000,55609000.000,55964667.000,56804417.000,54846916.000,65331375.000,471833.000,279083.500,0.004998,30,65678000.000,66568000.000,179103.141,5583.375,0.986,0.980,0.992,0.984,0.979,0.993,10000,757001,75.700,f147a41fe97de58a94cea283fd55d9f28dbfb3598c1929c137894ecb879bdb1f,145429bc332e3b3e8283bd1eac5feb620ae005ffb23357f7445cec9500266cdb,not-applicable
d4434e2ab7114168e0508f8d9ee2a9a9c2611ef9,fresh-process,semantic-json,all-unique-1000,all-unique,1000,30,30,1,1,6664271.000,6607146.000,6698937.500,6956083.000,6465125.000,7005042.000,146792.000,75333.500,0.011304,30,16008000.000,17744000.000,150053.922,6664.271,0.984,0.976,0.994,0.988,0.976,1.007,10000,75701,75.701,94373c6840e46676a35621cc8fe0a9baca8a5ecb3df989137298f14f2a59cfeb,e4360ebc522669f2365c9c7642822107ac49e73240dc3ef58309c8c67fa19ed0,not-applicable
d4434e2ab7114168e0508f8d9ee2a9a9c2611ef9,fresh-process,semantic-json,all-unique-10000,all-unique,10000,30,30,1,1,55873812.500,55535458.000,56199208.000,62741833.000,54687875.000,71903916.000,791501.000,391125.500,0.007000,30,65537000.000,82455000.000,178974.721,5587.381,0.982,0.975,0.991,0.988,0.982,0.996,10000,757001,75.700,d51ea8b412e54de834c1dafc592c41172600b919556a96707f4b57750475667a,afc27e62305fcd779dbeddbc916543b747caf4b65f4f932a7ba76e2a2d738b4e,not-applicable
d4434e2ab7114168e0508f8d9ee2a9a9c2611ef9,fresh-process,semantic-json,balanced-1,balanced,1,30,30,1,1,1001604.500,992395.500,1024000.000,1102375.000,945834.000,1456167.000,50292.000,23917.000,0.023879,30,10291500.000,14018000.000,998.398,1001604.500,0.986,0.962,1.001,0.997,0.974,1.015,10000,59,59.000,2f37db2ec67d4d0681905cfd419231f9265c81c70dc63a07d19f9905858c2799,21312ed955d1eaac2baad1ed67336605406d47f30f036ee4e5450da3d8fb773c,not-applicable
d4434e2ab7114168e0508f8d9ee2a9a9c2611ef9,fresh-process,semantic-json,balanced-10,balanced,10,30,30,1,1,1129938.000,1114500.000,1139125.500,1235958.000,1070875.000,1259292.000,34833.000,16666.500,0.014750,30,10304500.000,11860000.000,8850.043,112993.800,0.999,0.978,1.020,1.001,0.982,1.019,10000,758,75.800,53d0f546f4d8dcc3747e0f9864b55fdc24b0ad29b250a2ec0e34e8ee6f359c5a,ccb581b6e0a6dd6bd85cce64958a64db51ca080bc547b9deece37c7d4dbad77c,not-applicable
d4434e2ab7114168e0508f8d9ee2a9a9c2611ef9,fresh-process,semantic-json,balanced-100,balanced,100,30,30,1,1,1656041.500,1646812.500,1667250.500,1707333.000,1598333.000,1751625.000,36042.000,17229.500,0.010404,30,10899500.000,11528000.000,60384.960,16560.415,1.000,0.984,1.012,1.003,0.984,1.027,10000,7571,75.710,230d0f04ce6634c515917cb593e418dd534e29f63350fba64cf24bc4071af10b,141e2cd515858fa8a38c5dbd0150c1d8540c32adc8dbe4115446046195008994,not-applicable
d4434e2ab7114168e0508f8d9ee2a9a9c2611ef9,fresh-process,semantic-json,balanced-1000,balanced,1000,30,30,1,1,6583833.000,6555854.500,6653041.500,7207000.000,6448791.000,12883625.000,134583.000,60229.000,0.009148,30,15947500.000,20257000.000,151887.206,6583.833,0.994,0.979,1.002,0.996,0.980,1.018,10000,75701,75.701,8892a5bed2e0c2db945364e319be9d55a367cac34ef2ffaa8faf65cd68c2723b,5ec7597b9322d791aaac2dc75afe705af3c7d3f29319a084a1ce36054e358d54,not-applicable
d4434e2ab7114168e0508f8d9ee2a9a9c2611ef9,fresh-process,semantic-json,balanced-10000,balanced,10000,30,30,1,1,55739749.500,55623146.000,55930125.000,59502792.000,54749375.000,62499417.000,411251.000,213021.000,0.003822,30,65566000.000,73298000.000,179405.184,5573.975,0.985,0.980,0.990,0.986,0.979,0.992,10000,757001,75.700,78b035cc47584ca769643cecbbbdc19057568f4d84b3d9275f2f9e1ad459e704,2207d65b2a74c8f727132bc7b94afcef1f9287338f82f5b8f249de1d99c56d96,not-applicable
d4434e2ab7114168e0508f8d9ee2a9a9c2611ef9,warm,direct-parse,all-repeated-1000,all-repeated,1000,30,5,6,6,4907138.023,4892809.906,4934350.586,4953620.438,4854364.594,4954086.594,42296.219,23287.438,0.004746,0,,,203784.771,4907.138,1.000,1.000,1.000,,,,10000,75701,75.701,12504c0f2f3fbecb5ff7cc9cba8ed1fe490f4710b5033c5c781dd3c29093c25b,e173ee09e13669949bc657762ae97c5fa19f7174560e938804255035b40d8f2e,not-applicable
d4434e2ab7114168e0508f8d9ee2a9a9c2611ef9,warm,direct-parse,all-repeated-10000,all-repeated,10000,30,5,6,6,49309872.375,49032812.500,49662755.188,67741234.375,48707687.500,84903224.000,597437.500,283382.812,0.005747,0,,,202799.146,4930.987,1.000,1.000,1.000,,,,10000,757001,75.700,f147a41fe97de58a94cea283fd55d9f28dbfb3598c1929c137894ecb879bdb1f,145429bc332e3b3e8283bd1eac5feb620ae005ffb23357f7445cec9500266cdb,not-applicable
d4434e2ab7114168e0508f8d9ee2a9a9c2611ef9,warm,direct-parse,all-unique-1000,all-unique,1000,30,5,6,6,4918234.703,4904313.477,4953495.453,5182182.938,4853444.656,5216213.547,49833.344,28948.562,0.005886,0,,,203324.986,4918.235,1.000,1.000,1.000,,,,10000,75701,75.701,94373c6840e46676a35621cc8fe0a9baca8a5ecb3df989137298f14f2a59cfeb,e4360ebc522669f2365c9c7642822107ac49e73240dc3ef58309c8c67fa19ed0,not-applicable
d4434e2ab7114168e0508f8d9ee2a9a9c2611ef9,warm,direct-parse,all-unique-10000,all-unique,10000,30,5,6,6,49273208.250,49144026.000,49460739.625,49624505.250,48755140.625,49754177.000,268656.250,133401.000,0.002707,0,,,202950.048,4927.321,1.000,1.000,1.000,,,,10000,757001,75.700,d51ea8b412e54de834c1dafc592c41172600b919556a96707f4b57750475667a,afc27e62305fcd779dbeddbc916543b747caf4b65f4f932a7ba76e2a2d738b4e,not-applicable
d4434e2ab7114168e0508f8d9ee2a9a9c2611ef9,warm,direct-parse,balanced-1,balanced,1,30,5,6,6,20016.084,19900.350,20823.355,25191.844,19697.568,27841.436,881.686,153.442,0.007666,0,,,49959.822,20016.084,1.000,1.000,1.000,,,,10000,59,59.000,2f37db2ec67d4d0681905cfd419231f9265c81c70dc63a07d19f9905858c2799,21312ed955d1eaac2baad1ed67336605406d47f30f036ee4e5450da3d8fb773c,not-applicable
d4434e2ab7114168e0508f8d9ee2a9a9c2611ef9,warm,direct-parse,balanced-10,balanced,10,30,5,6,6,68542.323,68176.900,69025.198,69676.005,67532.227,69685.252,693.217,357.229,0.005212,0,,,145895.260,6854.232,1.000,1.000,1.000,,,,10000,758,75.800,53d0f546f4d8dcc3747e0f9864b55fdc24b0ad29b250a2ec0e34e8ee6f359c5a,ccb581b6e0a6dd6bd85cce64958a64db51ca080bc547b9deece37c7d4dbad77c,not-applicable
d4434e2ab7114168e0508f8d9ee2a9a9c2611ef9,warm,direct-parse,balanced-100,balanced,100,30,5,6,6,505849.121,503431.559,509717.773,511922.852,499330.240,516658.365,5874.188,2788.045,0.005512,0,,,197687.405,5058.491,1.000,1.000,1.000,,,,10000,7571,75.710,230d0f04ce6634c515917cb593e418dd534e29f63350fba64cf24bc4071af10b,141e2cd515858fa8a38c5dbd0150c1d8540c32adc8dbe4115446046195008994,not-applicable
d4434e2ab7114168e0508f8d9ee2a9a9c2611ef9,warm,direct-parse,balanced-1000,balanced,1000,30,5,6,6,4906648.109,4881440.766,4929389.977,4968592.438,4844758.453,4971434.250,46766.922,24153.000,0.004923,0,,,203805.119,4906.648,1.000,1.000,1.000,,,,10000,75701,75.701,8892a5bed2e0c2db945364e319be9d55a367cac34ef2ffaa8faf65cd68c2723b,5ec7597b9322d791aaac2dc75afe705af3c7d3f29319a084a1ce36054e358d54,not-applicable
d4434e2ab7114168e0508f8d9ee2a9a9c2611ef9,warm,direct-parse,balanced-10000,balanced,10000,30,5,6,6,49201294.312,49069567.625,49624250.000,49963411.500,48644411.500,49991161.375,407468.875,213145.875,0.004332,0,,,203246.686,4920.129,1.000,1.000,1.000,,,,10000,757001,75.700,78b035cc47584ca769643cecbbbdc19057568f4d84b3d9275f2f9e1ad459e704,2207d65b2a74c8f727132bc7b94afcef1f9287338f82f5b8f249de1d99c56d96,not-applicable
d4434e2ab7114168e0508f8d9ee2a9a9c2611ef9,warm,prototype-cache,all-repeated-1000,all-repeated,1000,30,5,6,6,18397756.531,18347942.750,18475989.625,18563976.562,18201528.625,18619737.000,140307.312,68018.250,0.003697,0,,,54354.453,18397.757,0.267,0.265,0.268,,,,10000,197894,197.894,12504c0f2f3fbecb5ff7cc9cba8ed1fe490f4710b5033c5c781dd3c29093c25b,e173ee09e13669949bc657762ae97c5fa19f7174560e938804255035b40d8f2e,hit
d4434e2ab7114168e0508f8d9ee2a9a9c2611ef9,warm,prototype-cache,all-repeated-10000,all-repeated,10000,30,5,6,6,184910448.000,184517270.500,185505729.000,186594791.500,183520583.500,188587520.500,775104.000,475073.250,0.002569,0,,,54080.232,18491.045,0.267,0.265,0.268,,,,10000,2310004,231.000,f147a41fe97de58a94cea283fd55d9f28dbfb3598c1929c137894ecb879bdb1f,145429bc332e3b3e8283bd1eac5feb620ae005ffb23357f7445cec9500266cdb,hit
d4434e2ab7114168e0508f8d9ee2a9a9c2611ef9,warm,prototype-cache,all-unique-1000,all-unique,1000,30,5,6,6,18478738.281,18425614.594,19327500.000,39784757.812,18182463.500,73563127.625,209875.000,71177.062,0.003852,0,,,54116.249,18478.738,0.266,0.256,0.268,,,,10000,311051,311.051,94373c6840e46676a35621cc8fe0a9baca8a5ecb3df989137298f14f2a59cfeb,e4360ebc522669f2365c9c7642822107ac49e73240dc3ef58309c8c67fa19ed0,hit
d4434e2ab7114168e0508f8d9ee2a9a9c2611ef9,warm,prototype-cache,all-unique-10000,all-unique,10000,30,5,6,6,185080218.750,184629468.500,513414667.000,559208084.000,182780020.500,974134208.000,2227979.000,620479.250,0.003352,0,,,54030.626,18508.022,0.266,0.096,0.267,,,,10000,3451861,345.186,d51ea8b412e54de834c1dafc592c41172600b919556a96707f4b57750475667a,afc27e62305fcd779dbeddbc916543b747caf4b65f4f932a7ba76e2a2d738b4e,hit
d4434e2ab7114168e0508f8d9ee2a9a9c2611ef9,warm,prototype-cache,balanced-1,balanced,1,30,5,6,6,32121.277,31852.931,32339.467,32865.906,31268.489,33265.971,445.704,213.971,0.006661,0,,,31132.013,32121.277,0.623,0.619,0.646,,,,10000,410,410.000,2f37db2ec67d4d0681905cfd419231f9265c81c70dc63a07d19f9905858c2799,21312ed955d1eaac2baad1ed67336605406d47f30f036ee4e5450da3d8fb773c,hit
d4434e2ab7114168e0508f8d9ee2a9a9c2611ef9,warm,prototype-cache,balanced-10,balanced,10,30,5,6,6,211703.776,211075.480,212101.848,214265.747,209115.764,214823.567,1719.646,993.449,0.004693,0,,,47235.813,21170.378,0.324,0.322,0.326,,,,10000,3386,338.600,53d0f546f4d8dcc3747e0f9864b55fdc24b0ad29b250a2ec0e34e8ee6f359c5a,ccb581b6e0a6dd6bd85cce64958a64db51ca080bc547b9deece37c7d4dbad77c,hit
d4434e2ab7114168e0508f8d9ee2a9a9c2611ef9,warm,prototype-cache,balanced-100,balanced,100,30,5,6,6,1854209.473,1846993.164,1866660.484,1875618.812,1828333.336,1878990.562,15713.219,8106.770,0.004372,0,,,53931.339,18542.095,0.273,0.271,0.274,,,,10000,27628,276.280,230d0f04ce6634c515917cb593e418dd534e29f63350fba64cf24bc4071af10b,141e2cd515858fa8a38c5dbd0150c1d8540c32adc8dbe4115446046195008994,hit
d4434e2ab7114168e0508f8d9ee2a9a9c2611ef9,warm,prototype-cache,balanced-1000,balanced,1000,30,5,6,6,18406347.656,18370349.000,18524281.250,18718950.500,18252572.938,19407179.688,97580.688,54045.562,0.002936,0,,,54329.084,18406.348,0.267,0.265,0.267,,,,10000,282484,282.484,8892a5bed2e0c2db945364e319be9d55a367cac34ef2ffaa8faf65cd68c2723b,5ec7597b9322d791aaac2dc75afe705af3c7d3f29319a084a1ce36054e358d54,hit
d4434e2ab7114168e0508f8d9ee2a9a9c2611ef9,warm,prototype-cache,balanced-10000,balanced,10000,30,5,6,6,184717677.000,184137281.500,186218729.500,187325771.000,182830271.000,188349687.500,1701895.500,744166.750,0.004029,0,,,54136.670,18471.768,0.266,0.266,0.268,,,,10000,3166503,316.650,78b035cc47584ca769643cecbbbdc19057568f4d84b3d9275f2f9e1ad459e704,2207d65b2a74c8f727132bc7b94afcef1f9287338f82f5b8f249de1d99c56d96,hit
d4434e2ab7114168e0508f8d9ee2a9a9c2611ef9,warm,prototype-cache-corrupt-fallback,balanced-1000,balanced,1000,30,5,6,6,20940535.188,20879432.312,21170317.688,21295492.188,20683135.375,21341197.938,151744.812,79069.031,0.003776,0,,,47754.271,20940.535,0.234,0.233,0.235,,,,10000,282484,282.484,8892a5bed2e0c2db945364e319be9d55a367cac34ef2ffaa8faf65cd68c2723b,5ec7597b9322d791aaac2dc75afe705af3c7d3f29319a084a1ce36054e358d54,fallback-integrity-mismatch
d4434e2ab7114168e0508f8d9ee2a9a9c2611ef9,warm,prototype-cache-corrupt-fallback,balanced-10000,balanced,10000,30,5,6,6,209170083.500,208394583.000,210268167.000,213284125.000,206552042.000,215970583.000,1913333.000,890687.500,0.004258,0,,,47807.984,20917.008,0.235,0.235,0.237,,,,10000,3166503,316.650,78b035cc47584ca769643cecbbbdc19057568f4d84b3d9275f2f9e1ad459e704,2207d65b2a74c8f727132bc7b94afcef1f9287338f82f5b8f249de1d99c56d96,fallback-integrity-mismatch
d4434e2ab7114168e0508f8d9ee2a9a9c2611ef9,warm,prototype-cache-empty-expression-fallback,balanced-1000,balanced,1000,30,5,6,6,21637341.156,21601059.938,21712385.375,21872119.750,21396744.812,21903705.750,120223.938,57803.375,0.002671,0,,,46216.399,21637.341,0.227,0.226,0.228,,,,10000,282462,282.462,8892a5bed2e0c2db945364e319be9d55a367cac34ef2ffaa8faf65cd68c2723b,5ec7597b9322d791aaac2dc75afe705af3c7d3f29319a084a1ce36054e358d54,fallback-structural-validation
d4434e2ab7114168e0508f8d9ee2a9a9c2611ef9,warm,prototype-cache-empty-expression-fallback,balanced-10000,balanced,10000,30,5,6,6,215655395.500,214402354.000,216474125.000,217257958.000,212958292.000,217879583.000,1517167.000,862688.000,0.004000,0,,,46370.275,21565.540,0.228,0.227,0.230,,,,10000,3166474,316.647,78b035cc47584ca769643cecbbbdc19057568f4d84b3d9275f2f9e1ad459e704,2207d65b2a74c8f727132bc7b94afcef1f9287338f82f5b8f249de1d99c56d96,fallback-structural-validation
d4434e2ab7114168e0508f8d9ee2a9a9c2611ef9,warm,prototype-cache-invalid-prefix-fallback,balanced-1000,balanced,1000,30,5,6,6,21674923.188,21610132.812,22666166.688,44325820.312,21414382.812,45968362.000,198179.688,104264.312,0.004810,0,,,46136.265,21674.923,0.226,0.215,0.228,,,,10000,282493,282.493,8892a5bed2e0c2db945364e319be9d55a367cac34ef2ffaa8faf65cd68c2723b,5ec7597b9322d791aaac2dc75afe705af3c7d3f29319a084a1ce36054e358d54,fallback-structural-validation
d4434e2ab7114168e0508f8d9ee2a9a9c2611ef9,warm,prototype-cache-invalid-prefix-fallback,balanced-10000,balanced,10000,30,5,6,6,215782145.500,214940000.000,217752042.000,219687291.000,213562250.000,219710167.000,2812042.000,1295437.500,0.006003,0,,,46343.037,21578.215,0.228,0.226,0.229,,,,10000,3166514,316.651,78b035cc47584ca769643cecbbbdc19057568f4d84b3d9275f2f9e1ad459e704,2207d65b2a74c8f727132bc7b94afcef1f9287338f82f5b8f249de1d99c56d96,fallback-structural-validation
d4434e2ab7114168e0508f8d9ee2a9a9c2611ef9,warm,prototype-cache-source-mismatch-fallback,balanced-1000,balanced,1000,30,5,6,6,22498001.312,22397955.719,22664739.594,22764809.938,22292833.375,22974015.625,236934.938,105880.219,0.004706,0,,,44448.393,22498.001,0.218,0.217,0.219,,,,10000,282546,282.546,8892a5bed2e0c2db945364e319be9d55a367cac34ef2ffaa8faf65cd68c2723b,5ec7597b9322d791aaac2dc75afe705af3c7d3f29319a084a1ce36054e358d54,fallback-payload-source-mismatch
d4434e2ab7114168e0508f8d9ee2a9a9c2611ef9,warm,prototype-cache-source-mismatch-fallback,balanced-10000,balanced,10000,30,5,6,6,224857395.500,224305208.000,226538000.000,228143417.000,222360417.000,229592000.000,1890834.000,685917.000,0.003050,0,,,44472.631,22485.740,0.219,0.218,0.220,,,,10000,3166565,316.656,78b035cc47584ca769643cecbbbdc19057568f4d84b3d9275f2f9e1ad459e704,2207d65b2a74c8f727132bc7b94afcef1f9287338f82f5b8f249de1d99c56d96,fallback-payload-source-mismatch
d4434e2ab7114168e0508f8d9ee2a9a9c2611ef9,warm,prototype-cache-stale-fallback,balanced-1000,balanced,1000,30,5,6,6,21515520.812,21448786.438,21612941.375,21757940.125,21284403.625,21787911.438,178122.375,90248.719,0.004195,0,,,46478.075,21515.521,0.228,0.227,0.229,,,,10000,282546,282.546,8892a5bed2e0c2db945364e319be9d55a367cac34ef2ffaa8faf65cd68c2723b,5ec7597b9322d791aaac2dc75afe705af3c7d3f29319a084a1ce36054e358d54,fallback-authoritative-source-mismatch
d4434e2ab7114168e0508f8d9ee2a9a9c2611ef9,warm,prototype-cache-stale-fallback,balanced-10000,balanced,10000,30,5,6,6,214090749.500,213227396.000,215768667.000,275429792.000,212096458.000,343168167.000,2286292.000,1080228.500,0.005046,0,,,46709.164,21409.075,0.230,0.229,0.231,,,,10000,3166565,316.656,78b035cc47584ca769643cecbbbdc19057568f4d84b3d9275f2f9e1ad459e704,2207d65b2a74c8f727132bc7b94afcef1f9287338f82f5b8f249de1d99c56d96,fallback-authoritative-source-mismatch
d4434e2ab7114168e0508f8d9ee2a9a9c2611ef9,warm,prototype-cache-truncated-fallback,balanced-1000,balanced,1000,30,5,6,6,5072911.789,5051407.875,5117070.312,6110884.766,5036253.906,9679518.234,58829.422,28892.570,0.005695,0,,,197125.446,5072.912,0.967,0.954,0.972,,,,10000,179092,179.092,8892a5bed2e0c2db945364e319be9d55a367cac34ef2ffaa8faf65cd68c2723b,5ec7597b9322d791aaac2dc75afe705af3c7d3f29319a084a1ce36054e358d54,fallback-decode-or-truncated
d4434e2ab7114168e0508f8d9ee2a9a9c2611ef9,warm,prototype-cache-truncated-fallback,balanced-10000,balanced,10000,30,5,6,6,50878177.125,50575073.000,51027354.000,51398479.000,50229447.750,51502312.500,468072.750,201697.875,0.003964,0,,,196547.922,5087.818,0.967,0.964,0.975,,,,10000,1961752,196.175,78b035cc47584ca769643cecbbbdc19057568f4d84b3d9275f2f9e1ad459e704,2207d65b2a74c8f727132bc7b94afcef1f9287338f82f5b8f249de1d99c56d96,fallback-decode-or-truncated
d4434e2ab7114168e0508f8d9ee2a9a9c2611ef9,warm,prototype-cache-unknown-modifier-fallback,balanced-1000,balanced,1000,30,5,6,6,21643410.125,21550903.625,21782627.562,21949596.375,21434463.562,21961338.500,209768.250,101997.438,0.004713,0,,,46203.440,21643.410,0.227,0.226,0.228,,,,10000,282495,282.495,8892a5bed2e0c2db945364e319be9d55a367cac34ef2ffaa8faf65cd68c2723b,5ec7597b9322d791aaac2dc75afe705af3c7d3f29319a084a1ce36054e358d54,fallback-structural-validation
d4434e2ab7114168e0508f8d9ee2a9a9c2611ef9,warm,prototype-cache-unknown-modifier-fallback,balanced-10000,balanced,10000,30,5,6,6,216149771.000,214900250.000,217846167.000,219978709.000,213266875.000,220066042.000,2945917.000,1471917.000,0.006810,0,,,46264.217,21614.977,0.228,0.227,0.229,,,,10000,3166514,316.651,78b035cc47584ca769643cecbbbdc19057568f4d84b3d9275f2f9e1ad459e704,2207d65b2a74c8f727132bc7b94afcef1f9287338f82f5b8f249de1d99c56d96,fallback-structural-validation
d4434e2ab7114168e0508f8d9ee2a9a9c2611ef9,warm,prototype-cache-unknown-operator-fallback,balanced-1000,balanced,1000,30,5,6,6,21601221.344,21516445.312,21743557.312,21847096.312,21403638.000,21972862.000,227255.188,105997.406,0.004907,0,,,46293.679,21601.221,0.227,0.226,0.228,,,,10000,282495,282.495,8892a5bed2e0c2db945364e319be9d55a367cac34ef2ffaa8faf65cd68c2723b,5ec7597b9322d791aaac2dc75afe705af3c7d3f29319a084a1ce36054e358d54,fallback-structural-validation
d4434e2ab7114168e0508f8d9ee2a9a9c2611ef9,warm,prototype-cache-unknown-operator-fallback,balanced-10000,balanced,10000,30,5,6,6,216321812.500,214759562.000,217252562.500,218678333.000,212447250.000,218956166.000,1893375.000,1250770.500,0.005782,0,,,46227.423,21632.181,0.227,0.227,0.229,,,,10000,3166514,316.651,78b035cc47584ca769643cecbbbdc19057568f4d84b3d9275f2f9e1ad459e704,2207d65b2a74c8f727132bc7b94afcef1f9287338f82f5b8f249de1d99c56d96,fallback-structural-validation
d4434e2ab7114168e0508f8d9ee2a9a9c2611ef9,warm,prototype-cache-wrong-version-fallback,balanced-1000,balanced,1000,30,5,6,6,18420417.938,18300927.062,18518851.562,18565231.812,18202179.688,19799932.312,204322.938,105402.375,0.005722,0,,,54287.585,18420.418,0.266,0.264,0.268,,,,10000,282484,282.484,8892a5bed2e0c2db945364e319be9d55a367cac34ef2ffaa8faf65cd68c2723b,5ec7597b9322d791aaac2dc75afe705af3c7d3f29319a084a1ce36054e358d54,fallback-unsupported-version
d4434e2ab7114168e0508f8d9ee2a9a9c2611ef9,warm,prototype-cache-wrong-version-fallback,balanced-10000,balanced,10000,30,5,6,6,183339104.000,182561906.250,185427166.500,186166646.000,181756791.500,187896333.500,1452062.500,737531.250,0.004023,0,,,54543.738,18333.910,0.268,0.268,0.270,,,,10000,3166503,316.650,78b035cc47584ca769643cecbbbdc19057568f4d84b3d9275f2f9e1ad459e704,2207d65b2a74c8f727132bc7b94afcef1f9287338f82f5b8f249de1d99c56d96,fallback-unsupported-version
d4434e2ab7114168e0508f8d9ee2a9a9c2611ef9,warm,semantic-binary-property-list,all-repeated-1000,all-repeated,1000,30,5,6,6,5646188.156,5627551.102,5695677.734,5708567.062,5593602.875,5734065.766,58570.984,25541.031,0.004524,0,,,177110.640,5646.188,0.869,0.865,0.873,,,,10000,1856,1.856,12504c0f2f3fbecb5ff7cc9cba8ed1fe490f4710b5033c5c781dd3c29093c25b,e173ee09e13669949bc657762ae97c5fa19f7174560e938804255035b40d8f2e,not-applicable
d4434e2ab7114168e0508f8d9ee2a9a9c2611ef9,warm,semantic-binary-property-list,all-repeated-10000,all-repeated,10000,30,5,6,6,56651078.125,56410448.000,56805895.750,57453937.500,55797166.500,57854687.500,439020.750,226067.750,0.003991,0,,,176519.147,5665.108,0.870,0.864,0.877,,,,10000,10856,1.086,f147a41fe97de58a94cea283fd55d9f28dbfb3598c1929c137894ecb879bdb1f,145429bc332e3b3e8283bd1eac5feb620ae005ffb23357f7445cec9500266cdb,not-applicable
d4434e2ab7114168e0508f8d9ee2a9a9c2611ef9,warm,semantic-binary-property-list,all-unique-1000,all-unique,1000,30,5,6,6,5667287.430,5656199.219,5689633.789,5736893.891,5614557.297,5745320.969,35042.969,17930.344,0.003164,0,,,176451.259,5667.287,0.868,0.866,0.873,,,,10000,84047,84.047,94373c6840e46676a35621cc8fe0a9baca8a5ecb3df989137298f14f2a59cfeb,e4360ebc522669f2365c9c7642822107ac49e73240dc3ef58309c8c67fa19ed0,not-applicable
d4434e2ab7114168e0508f8d9ee2a9a9c2611ef9,warm,semantic-binary-property-list,all-unique-10000,all-unique,10000,30,5,6,6,56822739.500,56628921.875,56928000.125,57436625.000,56093489.500,57482479.250,417302.250,233057.375,0.004101,0,,,175985.883,5682.274,0.867,0.864,0.871,,,,10000,840047,84.005,d51ea8b412e54de834c1dafc592c41172600b919556a96707f4b57750475667a,afc27e62305fcd779dbeddbc916543b747caf4b65f4f932a7ba76e2a2d738b4e,not-applicable
d4434e2ab7114168e0508f8d9ee2a9a9c2611ef9,warm,semantic-binary-property-list,balanced-1,balanced,1,30,5,6,6,22310.979,22175.940,23060.567,34658.816,21500.587,40232.956,781.003,252.399,0.011313,0,,,44820.982,22310.979,0.897,0.869,0.919,,,,10000,102,102.000,2f37db2ec67d4d0681905cfd419231f9265c81c70dc63a07d19f9905858c2799,21312ed955d1eaac2baad1ed67336605406d47f30f036ee4e5450da3d8fb773c,not-applicable
d4434e2ab7114168e0508f8d9ee2a9a9c2611ef9,warm,semantic-binary-property-list,balanced-10,balanced,10,30,5,6,6,77697.403,77490.936,78686.066,79076.558,76923.218,79235.229,731.150,390.661,0.005028,0,,,128704.430,7769.740,0.882,0.874,0.885,,,,10000,863,86.300,53d0f546f4d8dcc3747e0f9864b55fdc24b0ad29b250a2ec0e34e8ee6f359c5a,ccb581b6e0a6dd6bd85cce64958a64db51ca080bc547b9deece37c7d4dbad77c,not-applicable
d4434e2ab7114168e0508f8d9ee2a9a9c2611ef9,warm,semantic-binary-property-list,balanced-100,balanced,100,30,5,6,6,583577.718,580830.811,587857.504,591894.287,576700.521,593349.854,6567.707,2996.176,0.005134,0,,,171356.782,5835.777,0.867,0.861,0.874,,,,10000,6199,61.990,230d0f04ce6634c515917cb593e418dd534e29f63350fba64cf24bc4071af10b,141e2cd515858fa8a38c5dbd0150c1d8540c32adc8dbe4115446046195008994,not-applicable
d4434e2ab7114168e0508f8d9ee2a9a9c2611ef9,warm,semantic-binary-property-list,balanced-1000,balanced,1000,30,5,6,6,5682011.711,5651814.453,5700092.453,5754842.453,5598474.609,5841643.891,50412.109,27328.453,0.004810,0,,,175994.005,5682.012,0.864,0.858,0.868,,,,10000,62552,62.552,8892a5bed2e0c2db945364e319be9d55a367cac34ef2ffaa8faf65cd68c2723b,5ec7597b9322d791aaac2dc75afe705af3c7d3f29319a084a1ce36054e358d54,not-applicable
d4434e2ab7114168e0508f8d9ee2a9a9c2611ef9,warm,semantic-binary-property-list,balanced-10000,balanced,10000,30,5,6,6,56804078.125,56533823.000,57091875.000,57733260.250,55992666.500,58213406.250,505614.500,260802.125,0.004591,0,,,176043.698,5680.408,0.866,0.863,0.873,,,,10000,635243,63.524,78b035cc47584ca769643cecbbbdc19057568f4d84b3d9275f2f9e1ad459e704,2207d65b2a74c8f727132bc7b94afcef1f9287338f82f5b8f249de1d99c56d96,not-applicable
d4434e2ab7114168e0508f8d9ee2a9a9c2611ef9,warm,semantic-json,all-repeated-1000,all-repeated,1000,30,5,6,6,5170069.016,5143328.766,5192169.922,5231685.547,5109856.109,5248909.516,48841.156,23788.414,0.004601,0,,,193421.016,5170.069,0.949,0.945,0.955,,,,10000,75701,75.701,12504c0f2f3fbecb5ff7cc9cba8ed1fe490f4710b5033c5c781dd3c29093c25b,e173ee09e13669949bc657762ae97c5fa19f7174560e938804255035b40d8f2e,not-applicable
d4434e2ab7114168e0508f8d9ee2a9a9c2611ef9,warm,semantic-json,all-repeated-10000,all-repeated,10000,30,5,6,6,51712317.625,51540916.750,51978218.750,52345614.500,51259718.750,52474771.000,384374.750,182822.750,0.003535,0,,,193377.525,5171.232,0.954,0.949,0.959,,,,10000,757001,75.700,f147a41fe97de58a94cea283fd55d9f28dbfb3598c1929c137894ecb879bdb1f,145429bc332e3b3e8283bd1eac5feb620ae005ffb23357f7445cec9500266cdb,not-applicable
d4434e2ab7114168e0508f8d9ee2a9a9c2611ef9,warm,semantic-json,all-unique-1000,all-unique,1000,30,5,6,6,5166720.375,5151880.859,5190404.953,5288386.062,5100347.000,5289861.328,38985.672,16837.891,0.003259,0,,,193546.375,5166.720,0.952,0.948,0.959,,,,10000,75701,75.701,94373c6840e46676a35621cc8fe0a9baca8a5ecb3df989137298f14f2a59cfeb,e4360ebc522669f2365c9c7642822107ac49e73240dc3ef58309c8c67fa19ed0,not-applicable
d4434e2ab7114168e0508f8d9ee2a9a9c2611ef9,warm,semantic-json,all-unique-10000,all-unique,10000,30,5,6,6,51586958.250,51356083.250,52010135.250,52445271.000,50837854.250,52691146.000,638510.500,277661.375,0.005382,0,,,193847.444,5158.696,0.955,0.950,0.959,,,,10000,757001,75.700,d51ea8b412e54de834c1dafc592c41172600b919556a96707f4b57750475667a,afc27e62305fcd779dbeddbc916543b747caf4b65f4f932a7ba76e2a2d738b4e,not-applicable
d4434e2ab7114168e0508f8d9ee2a9a9c2611ef9,warm,semantic-json,balanced-1,balanced,1,30,5,6,6,21035.520,20797.630,21700.727,21987.155,20492.579,22258.352,572.978,245.625,0.011677,0,,,47538.640,21035.520,0.952,0.938,0.977,,,,10000,59,59.000,2f37db2ec67d4d0681905cfd419231f9265c81c70dc63a07d19f9905858c2799,21312ed955d1eaac2baad1ed67336605406d47f30f036ee4e5450da3d8fb773c,not-applicable
d4434e2ab7114168e0508f8d9ee2a9a9c2611ef9,warm,semantic-json,balanced-10,balanced,10,30,5,6,6,72116.608,71766.805,72825.399,73507.019,71479.156,73822.245,690.491,342.016,0.004743,0,,,138664.315,7211.661,0.950,0.944,0.955,,,,10000,758,75.800,53d0f546f4d8dcc3747e0f9864b55fdc24b0ad29b250a2ec0e34e8ee6f359c5a,ccb581b6e0a6dd6bd85cce64958a64db51ca080bc547b9deece37c7d4dbad77c,not-applicable
d4434e2ab7114168e0508f8d9ee2a9a9c2611ef9,warm,semantic-json,balanced-100,balanced,100,30,5,6,6,532074.381,529434.732,535289.429,539813.312,525341.717,541139.811,5807.617,2790.325,0.005244,0,,,187943.648,5320.744,0.951,0.945,0.959,,,,10000,7571,75.710,230d0f04ce6634c515917cb593e418dd534e29f63350fba64cf24bc4071af10b,141e2cd515858fa8a38c5dbd0150c1d8540c32adc8dbe4115446046195008994,not-applicable
d4434e2ab7114168e0508f8d9ee2a9a9c2611ef9,warm,semantic-json,balanced-1000,balanced,1000,30,5,6,6,5166446.609,5152024.750,5201547.531,5214602.219,5081876.312,5223910.156,44332.703,21911.789,0.004241,0,,,193556.631,5166.447,0.950,0.944,0.953,,,,10000,75701,75.701,8892a5bed2e0c2db945364e319be9d55a367cac34ef2ffaa8faf65cd68c2723b,5ec7597b9322d791aaac2dc75afe705af3c7d3f29319a084a1ce36054e358d54,not-applicable
d4434e2ab7114168e0508f8d9ee2a9a9c2611ef9,warm,semantic-json,balanced-10000,balanced,10000,30,5,6,6,51819479.250,51369958.500,52135864.750,52479583.500,50865718.750,52491312.500,629416.750,314198.000,0.006063,0,,,192977.624,5181.948,0.949,0.944,0.958,,,,10000,757001,75.700,78b035cc47584ca769643cecbbbdc19057568f4d84b3d9275f2f9e1ad459e704,2207d65b2a74c8f727132bc7b94afcef1f9287338f82f5b8f249de1d99c56d96,not-applicable
